/*

INSERT VC3ETL.ExtractTable VALUES( '5F48E8E9-9155-4D0B-BDFC-C61F04A1BD1D', '9756E9BB-8B6B-44E4-9C4E-B3F8E6A6CD16', 'StudDisability', 'AURORAX', 'StudDisability', 'RecNum', NULL, NULL, NULL, NULL, 1, 0, NULL )
INSERT VC3ETL.ExtractTable VALUES( '1DF875AA-B3FA-4530-BC5B-849623CD3B00', '9756E9BB-8B6B-44E4-9C4E-B3F8E6A6CD16', 'DisabilityLook', 'AURORAX', 'DisabilityLook', 'DisabilityID', NULL, NULL, NULL, NULL, 1, 0, NULL )

---- DISABLE THE ONES I DONT NEED ################################################
--UPDATE VC3ETL.ExtractTable
--SET Enabled = 0
--WHERE ExtractDatabase = '9756E9BB-8B6B-44E4-9C4E-B3F8E6A6CD16' AND SourceTable NOT IN ('DisabilityLook', 'StudDisability')
--UPDATE VC3ETL.LoadTable
--SET Enabled = 0
--WHERE ExtractDatabase = '9756E9BB-8B6B-44E4-9C4E-B3F8E6A6CD16'

-- IepDisability
INSERT VC3ETL.LoadTable VALUES( '79EC6EA2-DA64-43A5-8AED-0F07C3FF2B10', '9756E9BB-8B6B-44E4-9C4E-B3F8E6A6CD16', 20, 'AURORAX.Transform_IepDisability', 'IepDisability', 1, 'AURORAX.MAP_IepDisabilityID', 'DisabilityID', 'DestID', 1, 1, 1, 1, 1, NULL, NULL, NULL, 0, 0, NULL )
INSERT VC3ETL.LoadColumn VALUES( '4FEF5CB5-C33F-4A90-97AF-B74D70E5A968', '79EC6EA2-DA64-43A5-8AED-0F07C3FF2B10', 'DestID', 'ID', 'K', 0, NULL, NULL )
INSERT VC3ETL.LoadColumn VALUES( 'E44294A3-0566-4E15-8C58-F1FB37BFFD43', '79EC6EA2-DA64-43A5-8AED-0F07C3FF2B10', 'Name', 'Name', 'C', 0, NULL, NULL )
INSERT VC3ETL.LoadColumn VALUES( '840482B3-EDF9-4208-BFD4-8E5E87300229', '79EC6EA2-DA64-43A5-8AED-0F07C3FF2B10', 'Definition', 'Definition', 'C', 0, NULL, NULL )
INSERT VC3ETL.LoadColumn VALUES( '8709CACC-7867-4F13-BDCB-3AC069AB06DB', '79EC6EA2-DA64-43A5-8AED-0F07C3FF2B10', 'DeterminationFormTemplateID', 'DeterminationFormTemplateID', 'C', 0, NULL, NULL )

-- PrgItem
INSERT VC3ETL.LoadTable VALUES( '51AF8CA8-3A89-4B6C-951D-968C0853CAC6', '9756E9BB-8B6B-44E4-9C4E-B3F8E6A6CD16', 21, 'AURORAX.Transform_EligibilityActivity', 'PrgItem', 1, 'AURORAX.MAP_EligibilityActivityID', 'GStudentID', 'DestID', 1, 1, 1, 1, 1, NULL, NULL, NULL, 0, 0, NULL )
INSERT VC3ETL.LoadColumn VALUES( '51386F72-215F-40F4-B440-07F9D903D01E', '51AF8CA8-3A89-4B6C-951D-968C0853CAC6', 'DestID', 'ID', 'K', 0, NULL, NULL )
INSERT VC3ETL.LoadColumn VALUES( 'DB22D901-B43C-4564-9AE3-8697322000AA', '51AF8CA8-3A89-4B6C-951D-968C0853CAC6', 'CreatedBy', 'CreatedBy', 'C', 0, NULL, NULL )
INSERT VC3ETL.LoadColumn VALUES( '24F73E0F-C66B-4DE3-BA9C-30948D67D1D0', '51AF8CA8-3A89-4B6C-951D-968C0853CAC6', 'CreatedDate', 'CreatedDate', 'C', 0, NULL, NULL )
INSERT VC3ETL.LoadColumn VALUES( '3853F01E-7BBA-43F6-A23B-5B4EC0B14074', '51AF8CA8-3A89-4B6C-951D-968C0853CAC6', 'ItemDefID', 'DefID', 'C', 0, NULL, NULL )
INSERT VC3ETL.LoadColumn VALUES( '9CF066EA-E785-454F-B235-D188849505DF', '51AF8CA8-3A89-4B6C-951D-968C0853CAC6', 'GradeLevelID', 'GradeLevelID', 'C', 0, NULL, NULL )
INSERT VC3ETL.LoadColumn VALUES( '7284466D-A810-408D-924C-A42A71E3678D', '51AF8CA8-3A89-4B6C-951D-968C0853CAC6', 'InvolvementID', 'InvolvementID', 'C', 0, NULL, NULL )
INSERT VC3ETL.LoadColumn VALUES( 'ACA4CD65-E73D-40B2-946D-BF7F8004B7CF', '51AF8CA8-3A89-4B6C-951D-968C0853CAC6', 'SchoolID', 'SchoolID', 'C', 0, NULL, NULL )
INSERT VC3ETL.LoadColumn VALUES( 'C41C4A76-3319-4928-834B-3D3E432039EE', '51AF8CA8-3A89-4B6C-951D-968C0853CAC6', 'StartDate', 'StartDate', 'C', 0, NULL, NULL )
INSERT VC3ETL.LoadColumn VALUES( '9DD207A8-C62B-45B9-B6EA-8554F7E3C8DC', '51AF8CA8-3A89-4B6C-951D-968C0853CAC6', 'StartStatus', 'StartStatusID', 'C', 0, NULL, NULL )
INSERT VC3ETL.LoadColumn VALUES( '0C0D3BC3-8D25-4119-B478-5CB40D40CCE0', '51AF8CA8-3A89-4B6C-951D-968C0853CAC6', 'StudentID', 'StudentID', 'C', 0, NULL, NULL )

-- PrgActivity
INSERT VC3ETL.LoadTable VALUES( 'A6E18CA1-99A8-4B59-A5EE-0A7E104929E4', '9756E9BB-8B6B-44E4-9C4E-B3F8E6A6CD16', 22, 'AURORAX.Transform_EligibilityActivity', 'PrgActivity', 0, NULL, NULL, NULL, 1, 0, 1, 1, 1, NULL, NULL, NULL, 0, 0, NULL )
INSERT VC3ETL.LoadColumn VALUES( '069F071C-8A8A-4EC3-95D4-14787CE7833C', 'A6E18CA1-99A8-4B59-A5EE-0A7E104929E4', 'DestID', 'ID', 'K', 0, NULL, NULL )
INSERT VC3ETL.LoadColumn VALUES( 'AC8EB606-5CA4-4792-8929-F398A895AAEF', 'A6E18CA1-99A8-4B59-A5EE-0A7E104929E4', 'ReasonID', 'ReasonID', 'C', 0, NULL, NULL )

-- PrgSection
INSERT VC3ETL.LoadTable VALUES( 'C3EE86BF-56A8-4D4E-957E-DB3574E91512', '9756E9BB-8B6B-44E4-9C4E-B3F8E6A6CD16', 23, 'AURORAX.Transform_EligibilityActivity', 'PrgSection', 0, NULL, NULL, NULL, 1, 0, 1, 1, 1, NULL, NULL, NULL, 0, 0, NULL )
INSERT VC3ETL.LoadColumn VALUES( 'ECC8D543-8D63-41B0-8D46-FC602DF456FB', 'C3EE86BF-56A8-4D4E-957E-DB3574E91512', 'SectionDestID', 'ID', 'K', 0, NULL, NULL )
INSERT VC3ETL.LoadColumn VALUES( '9A686EE1-791F-4351-B608-73ADDE0247C8', 'C3EE86BF-56A8-4D4E-957E-DB3574E91512', 'SectionDefID', 'DefID', 'C', 0, NULL, NULL )
INSERT VC3ETL.LoadColumn VALUES( '833047E0-14CF-4F97-8442-A68FBD274D8C', 'C3EE86BF-56A8-4D4E-957E-DB3574E91512', 'DestID', 'ItemID', 'C', 0, NULL, NULL )
INSERT VC3ETL.LoadColumn VALUES( 'EAD59D3E-8F6E-470A-BDDF-5D87F244D1C1', 'C3EE86BF-56A8-4D4E-957E-DB3574E91512', 'VersionDestID', 'VersionID', 'C', 0, NULL, NULL )

*/
